"Tabela 9514 - População residente, por sexo, idade e forma de declaração da idade"
"Variável - População residente (Pessoas)"
"Forma de declaração da idade - Total"
"Ano - 2022"
"Grande Região";"Idade";"Sexo";""
"Norte";"Menos de 1 ano";"Homens";"137234"
"Norte";"Menos de 1 ano";"Mulheres";"132719"
"Norte";"1 ano";"Homens";"135795"
"Norte";"1 ano";"Mulheres";"131708"
"Norte";"2 anos";"Homens";"144926"
"Norte";"2 anos";"Mulheres";"141107"
"Norte";"3 anos";"Homens";"150751"
"Norte";"3 anos";"Mulheres";"145970"
"Norte";"4 anos";"Homens";"149525"
"Norte";"4 anos";"Mulheres";"143288"
"Norte";"5 anos";"Homens";"145700"
"Norte";"5 anos";"Mulheres";"140535"
"Norte";"6 anos";"Homens";"150692"
"Norte";"6 anos";"Mulheres";"144171"
"Norte";"7 anos";"Homens";"154869"
"Norte";"7 anos";"Mulheres";"149025"
"Norte";"8 anos";"Homens";"150903"
"Norte";"8 anos";"Mulheres";"143881"
"Norte";"9 anos";"Homens";"151461"
"Norte";"9 anos";"Mulheres";"146168"
"Norte";"10 anos";"Homens";"148443"
"Norte";"10 anos";"Mulheres";"140879"
"Norte";"11 anos";"Homens";"147593"
"Norte";"11 anos";"Mulheres";"140726"
"Norte";"12 anos";"Homens";"154016"
"Norte";"12 anos";"Mulheres";"147011"
"Norte";"13 anos";"Homens";"153252"
"Norte";"13 anos";"Mulheres";"147596"
"Norte";"14 anos";"Homens";"154098"
"Norte";"14 anos";"Mulheres";"147008"
"Norte";"15 anos";"Homens";"157912"
"Norte";"15 anos";"Mulheres";"152918"
"Norte";"16 anos";"Homens";"158989"
"Norte";"16 anos";"Mulheres";"152562"
"Norte";"17 anos";"Homens";"158372"
"Norte";"17 anos";"Mulheres";"153298"
"Norte";"18 anos";"Homens";"158636"
"Norte";"18 anos";"Mulheres";"151806"
"Norte";"19 anos";"Homens";"151805"
"Norte";"19 anos";"Mulheres";"149081"
"Norte";"20 anos";"Homens";"153088"
"Norte";"20 anos";"Mulheres";"151618"
"Norte";"21 anos";"Homens";"151393"
"Norte";"21 anos";"Mulheres";"148755"
"Norte";"22 anos";"Homens";"165994"
"Norte";"22 anos";"Mulheres";"162458"
"Norte";"23 anos";"Homens";"150475"
"Norte";"23 anos";"Mulheres";"149427"
"Norte";"24 anos";"Homens";"145016"
"Norte";"24 anos";"Mulheres";"145873"
"Norte";"25 anos";"Homens";"149169"
"Norte";"25 anos";"Mulheres";"151744"
"Norte";"26 anos";"Homens";"145252"
"Norte";"26 anos";"Mulheres";"148329"
"Norte";"27 anos";"Homens";"140595"
"Norte";"27 anos";"Mulheres";"143973"
"Norte";"28 anos";"Homens";"140693"
"Norte";"28 anos";"Mulheres";"143657"
"Norte";"29 anos";"Homens";"130491"
"Norte";"29 anos";"Mulheres";"135823"
"Norte";"30 anos";"Homens";"145243"
"Norte";"30 anos";"Mulheres";"148432"
"Norte";"31 anos";"Homens";"122386"
"Norte";"31 anos";"Mulheres";"128051"
"Norte";"32 anos";"Homens";"134143"
"Norte";"32 anos";"Mulheres";"140988"
"Norte";"33 anos";"Homens";"130851"
"Norte";"33 anos";"Mulheres";"136335"
"Norte";"34 anos";"Homens";"127683"
"Norte";"34 anos";"Mulheres";"134551"
"Norte";"35 anos";"Homens";"138392"
"Norte";"35 anos";"Mulheres";"143277"
"Norte";"36 anos";"Homens";"135566"
"Norte";"36 anos";"Mulheres";"141235"
"Norte";"37 anos";"Homens";"131559"
"Norte";"37 anos";"Mulheres";"137231"
"Norte";"38 anos";"Homens";"134352"
"Norte";"38 anos";"Mulheres";"137318"
"Norte";"39 anos";"Homens";"131799"
"Norte";"39 anos";"Mulheres";"136013"
"Norte";"40 anos";"Homens";"149030"
"Norte";"40 anos";"Mulheres";"149287"
"Norte";"41 anos";"Homens";"122980"
"Norte";"41 anos";"Mulheres";"125979"
"Norte";"42 anos";"Homens";"136369"
"Norte";"42 anos";"Mulheres";"138200"
"Norte";"43 anos";"Homens";"118254"
"Norte";"43 anos";"Mulheres";"121083"
"Norte";"44 anos";"Homens";"108934"
"Norte";"44 anos";"Mulheres";"112443"
"Norte";"45 anos";"Homens";"116038"
"Norte";"45 anos";"Mulheres";"116396"
"Norte";"46 anos";"Homens";"106614"
"Norte";"46 anos";"Mulheres";"108498"
"Norte";"47 anos";"Homens";"102915"
"Norte";"47 anos";"Mulheres";"104598"
"Norte";"48 anos";"Homens";"99604"
"Norte";"48 anos";"Mulheres";"100887"
"Norte";"49 anos";"Homens";"95409"
"Norte";"49 anos";"Mulheres";"97169"
"Norte";"50 anos";"Homens";"102008"
"Norte";"50 anos";"Mulheres";"100213"
"Norte";"51 anos";"Homens";"86984"
"Norte";"51 anos";"Mulheres";"87609"
"Norte";"52 anos";"Homens";"93257"
"Norte";"52 anos";"Mulheres";"92154"
"Norte";"53 anos";"Homens";"83560"
"Norte";"53 anos";"Mulheres";"83855"
"Norte";"54 anos";"Homens";"78670"
"Norte";"54 anos";"Mulheres";"81237"
"Norte";"55 anos";"Homens";"78210"
"Norte";"55 anos";"Mulheres";"81637"
"Norte";"56 anos";"Homens";"77060"
"Norte";"56 anos";"Mulheres";"78723"
"Norte";"57 anos";"Homens";"70588"
"Norte";"57 anos";"Mulheres";"71660"
"Norte";"58 anos";"Homens";"72756"
"Norte";"58 anos";"Mulheres";"72750"
"Norte";"59 anos";"Homens";"67649"
"Norte";"59 anos";"Mulheres";"68887"
"Norte";"60 anos";"Homens";"69602"
"Norte";"60 anos";"Mulheres";"69838"
"Norte";"61 anos";"Homens";"58233"
"Norte";"61 anos";"Mulheres";"59042"
"Norte";"62 anos";"Homens";"62113"
"Norte";"62 anos";"Mulheres";"63245"
"Norte";"63 anos";"Homens";"55085"
"Norte";"63 anos";"Mulheres";"56827"
"Norte";"64 anos";"Homens";"53352"
"Norte";"64 anos";"Mulheres";"55261"
"Norte";"65 anos";"Homens";"52597"
"Norte";"65 anos";"Mulheres";"54452"
"Norte";"66 anos";"Homens";"47090"
"Norte";"66 anos";"Mulheres";"48990"
"Norte";"67 anos";"Homens";"44566"
"Norte";"67 anos";"Mulheres";"45567"
"Norte";"68 anos";"Homens";"42725"
"Norte";"68 anos";"Mulheres";"44311"
"Norte";"69 anos";"Homens";"38050"
"Norte";"69 anos";"Mulheres";"39049"
"Norte";"70 anos";"Homens";"38868"
"Norte";"70 anos";"Mulheres";"39778"
"Norte";"71 anos";"Homens";"31172"
"Norte";"71 anos";"Mulheres";"31815"
"Norte";"72 anos";"Homens";"32735"
"Norte";"72 anos";"Mulheres";"33782"
"Norte";"73 anos";"Homens";"27029"
"Norte";"73 anos";"Mulheres";"28375"
"Norte";"74 anos";"Homens";"25423"
"Norte";"74 anos";"Mulheres";"26988"
"Norte";"75 anos";"Homens";"23449"
"Norte";"75 anos";"Mulheres";"25000"
"Norte";"76 anos";"Homens";"20914"
"Norte";"76 anos";"Mulheres";"22769"
"Norte";"77 anos";"Homens";"19092"
"Norte";"77 anos";"Mulheres";"21291"
"Norte";"78 anos";"Homens";"18530"
"Norte";"78 anos";"Mulheres";"20515"
"Norte";"79 anos";"Homens";"15496"
"Norte";"79 anos";"Mulheres";"17067"
"Norte";"80 anos";"Homens";"15259"
"Norte";"80 anos";"Mulheres";"16963"
"Norte";"81 anos";"Homens";"11552"
"Norte";"81 anos";"Mulheres";"12833"
"Norte";"82 anos";"Homens";"13105"
"Norte";"82 anos";"Mulheres";"15227"
"Norte";"83 anos";"Homens";"9888"
"Norte";"83 anos";"Mulheres";"11853"
"Norte";"84 anos";"Homens";"8425"
"Norte";"84 anos";"Mulheres";"10759"
"Norte";"85 anos";"Homens";"7166"
"Norte";"85 anos";"Mulheres";"9376"
"Norte";"86 anos";"Homens";"6816"
"Norte";"86 anos";"Mulheres";"8892"
"Norte";"87 anos";"Homens";"5423"
"Norte";"87 anos";"Mulheres";"7372"
"Norte";"88 anos";"Homens";"4443"
"Norte";"88 anos";"Mulheres";"5853"
"Norte";"89 anos";"Homens";"3763"
"Norte";"89 anos";"Mulheres";"5345"
"Norte";"90 anos";"Homens";"3394"
"Norte";"90 anos";"Mulheres";"4713"
"Norte";"91 anos";"Homens";"2498"
"Norte";"91 anos";"Mulheres";"3471"
"Norte";"92 anos";"Homens";"2364"
"Norte";"92 anos";"Mulheres";"3499"
"Norte";"93 anos";"Homens";"1552"
"Norte";"93 anos";"Mulheres";"2391"
"Norte";"94 anos";"Homens";"1160"
"Norte";"94 anos";"Mulheres";"1950"
"Norte";"95 anos";"Homens";"935"
"Norte";"95 anos";"Mulheres";"1534"
"Norte";"96 anos";"Homens";"821"
"Norte";"96 anos";"Mulheres";"1296"
"Norte";"97 anos";"Homens";"596"
"Norte";"97 anos";"Mulheres";"1029"
"Norte";"98 anos";"Homens";"441"
"Norte";"98 anos";"Mulheres";"822"
"Norte";"99 anos";"Homens";"347"
"Norte";"99 anos";"Mulheres";"622"
"Norte";"100 anos ou mais";"Homens";"1049"
"Norte";"100 anos ou mais";"Mulheres";"2193"
"Nordeste";"Menos de 1 ano";"Homens";"343083"
"Nordeste";"Menos de 1 ano";"Mulheres";"333488"
"Nordeste";"1 ano";"Homens";"344706"
"Nordeste";"1 ano";"Mulheres";"334120"
"Nordeste";"2 anos";"Homens";"371642"
"Nordeste";"2 anos";"Mulheres";"360026"
"Nordeste";"3 anos";"Homens";"393320"
"Nordeste";"3 anos";"Mulheres";"378470"
"Nordeste";"4 anos";"Homens";"395857"
"Nordeste";"4 anos";"Mulheres";"380700"
"Nordeste";"5 anos";"Homens";"374527"
"Nordeste";"5 anos";"Mulheres";"359047"
"Nordeste";"6 anos";"Homens";"399176"
"Nordeste";"6 anos";"Mulheres";"386056"
"Nordeste";"7 anos";"Homens";"410314"
"Nordeste";"7 anos";"Mulheres";"393739"
"Nordeste";"8 anos";"Homens";"394876"
"Nordeste";"8 anos";"Mulheres";"377294"
"Nordeste";"9 anos";"Homens";"401003"
"Nordeste";"9 anos";"Mulheres";"387239"
"Nordeste";"10 anos";"Homens";"401641"
"Nordeste";"10 anos";"Mulheres";"383105"
"Nordeste";"11 anos";"Homens";"407167"
"Nordeste";"11 anos";"Mulheres";"388420"
"Nordeste";"12 anos";"Homens";"414034"
"Nordeste";"12 anos";"Mulheres";"394723"
"Nordeste";"13 anos";"Homens";"417569"
"Nordeste";"13 anos";"Mulheres";"403549"
"Nordeste";"14 anos";"Homens";"420967"
"Nordeste";"14 anos";"Mulheres";"400612"
"Nordeste";"15 anos";"Homens";"427421"
"Nordeste";"15 anos";"Mulheres";"413030"
"Nordeste";"16 anos";"Homens";"436607"
"Nordeste";"16 anos";"Mulheres";"416691"
"Nordeste";"17 anos";"Homens";"439049"
"Nordeste";"17 anos";"Mulheres";"422068"
"Nordeste";"18 anos";"Homens";"436938"
"Nordeste";"18 anos";"Mulheres";"420605"
"Nordeste";"19 anos";"Homens";"418958"
"Nordeste";"19 anos";"Mulheres";"412784"
"Nordeste";"20 anos";"Homens";"426628"
"Nordeste";"20 anos";"Mulheres";"425843"
"Nordeste";"21 anos";"Homens";"425481"
"Nordeste";"21 anos";"Mulheres";"423861"
"Nordeste";"22 anos";"Homens";"463728"
"Nordeste";"22 anos";"Mulheres";"461219"
"Nordeste";"23 anos";"Homens";"424511"
"Nordeste";"23 anos";"Mulheres";"431818"
"Nordeste";"24 anos";"Homens";"413781"
"Nordeste";"24 anos";"Mulheres";"427526"
"Nordeste";"25 anos";"Homens";"421482"
"Nordeste";"25 anos";"Mulheres";"439015"
"Nordeste";"26 anos";"Homens";"412719"
"Nordeste";"26 anos";"Mulheres";"435798"
"Nordeste";"27 anos";"Homens";"412097"
"Nordeste";"27 anos";"Mulheres";"437153"
"Nordeste";"28 anos";"Homens";"393152"
"Nordeste";"28 anos";"Mulheres";"420082"
"Nordeste";"29 anos";"Homens";"375067"
"Nordeste";"29 anos";"Mulheres";"406493"
"Nordeste";"30 anos";"Homens";"417220"
"Nordeste";"30 anos";"Mulheres";"444798"
"Nordeste";"31 anos";"Homens";"356270"
"Nordeste";"31 anos";"Mulheres";"392146"
"Nordeste";"32 anos";"Homens";"394135"
"Nordeste";"32 anos";"Mulheres";"429337"
"Nordeste";"33 anos";"Homens";"401120"
"Nordeste";"33 anos";"Mulheres";"442115"
"Nordeste";"34 anos";"Homens";"401562"
"Nordeste";"34 anos";"Mulheres";"446467"
"Nordeste";"35 anos";"Homens";"426996"
"Nordeste";"35 anos";"Mulheres";"469915"
"Nordeste";"36 anos";"Homens";"425123"
"Nordeste";"36 anos";"Mulheres";"468480"
"Nordeste";"37 anos";"Homens";"411929"
"Nordeste";"37 anos";"Mulheres";"452020"
"Nordeste";"38 anos";"Homens";"411265"
"Nordeste";"38 anos";"Mulheres";"445953"
"Nordeste";"39 anos";"Homens";"414884"
"Nordeste";"39 anos";"Mulheres";"455681"
"Nordeste";"40 anos";"Homens";"468828"
"Nordeste";"40 anos";"Mulheres";"496421"
"Nordeste";"41 anos";"Homens";"394934"
"Nordeste";"41 anos";"Mulheres";"431663"
"Nordeste";"42 anos";"Homens";"429945"
"Nordeste";"42 anos";"Mulheres";"458347"
"Nordeste";"43 anos";"Homens";"386334"
"Nordeste";"43 anos";"Mulheres";"422216"
"Nordeste";"44 anos";"Homens";"363230"
"Nordeste";"44 anos";"Mulheres";"400988"
"Nordeste";"45 anos";"Homens";"371846"
"Nordeste";"45 anos";"Mulheres";"404479"
"Nordeste";"46 anos";"Homens";"345725"
"Nordeste";"46 anos";"Mulheres";"380594"
"Nordeste";"47 anos";"Homens";"338844"
"Nordeste";"47 anos";"Mulheres";"371847"
"Nordeste";"48 anos";"Homens";"333833"
"Nordeste";"48 anos";"Mulheres";"364036"
"Nordeste";"49 anos";"Homens";"318001"
"Nordeste";"49 anos";"Mulheres";"353050"
"Nordeste";"50 anos";"Homens";"336408"
"Nordeste";"50 anos";"Mulheres";"363130"
"Nordeste";"51 anos";"Homens";"288502"
"Nordeste";"51 anos";"Mulheres";"323603"
"Nordeste";"52 anos";"Homens";"317711"
"Nordeste";"52 anos";"Mulheres";"351775"
"Nordeste";"53 anos";"Homens";"294118"
"Nordeste";"53 anos";"Mulheres";"329118"
"Nordeste";"54 anos";"Homens";"285726"
"Nordeste";"54 anos";"Mulheres";"326655"
"Nordeste";"55 anos";"Homens";"283154"
"Nordeste";"55 anos";"Mulheres";"334512"
"Nordeste";"56 anos";"Homens";"276162"
"Nordeste";"56 anos";"Mulheres";"319872"
"Nordeste";"57 anos";"Homens";"261957"
"Nordeste";"57 anos";"Mulheres";"302673"
"Nordeste";"58 anos";"Homens";"275935"
"Nordeste";"58 anos";"Mulheres";"316661"
"Nordeste";"59 anos";"Homens";"252202"
"Nordeste";"59 anos";"Mulheres";"289109"
"Nordeste";"60 anos";"Homens";"257878"
"Nordeste";"60 anos";"Mulheres";"290119"
"Nordeste";"61 anos";"Homens";"215192"
"Nordeste";"61 anos";"Mulheres";"249841"
"Nordeste";"62 anos";"Homens";"231338"
"Nordeste";"62 anos";"Mulheres";"269151"
"Nordeste";"63 anos";"Homens";"197595"
"Nordeste";"63 anos";"Mulheres";"232979"
"Nordeste";"64 anos";"Homens";"200440"
"Nordeste";"64 anos";"Mulheres";"239317"
"Nordeste";"65 anos";"Homens";"195980"
"Nordeste";"65 anos";"Mulheres";"232000"
"Nordeste";"66 anos";"Homens";"177849"
"Nordeste";"66 anos";"Mulheres";"214031"
"Nordeste";"67 anos";"Homens";"165485"
"Nordeste";"67 anos";"Mulheres";"199060"
"Nordeste";"68 anos";"Homens";"161370"
"Nordeste";"68 anos";"Mulheres";"194605"
"Nordeste";"69 anos";"Homens";"138616"
"Nordeste";"69 anos";"Mulheres";"170134"
"Nordeste";"70 anos";"Homens";"155866"
"Nordeste";"70 anos";"Mulheres";"190825"
"Nordeste";"71 anos";"Homens";"127528"
"Nordeste";"71 anos";"Mulheres";"155080"
"Nordeste";"72 anos";"Homens";"137891"
"Nordeste";"72 anos";"Mulheres";"171153"
"Nordeste";"73 anos";"Homens";"115206"
"Nordeste";"73 anos";"Mulheres";"142900"
"Nordeste";"74 anos";"Homens";"113882"
"Nordeste";"74 anos";"Mulheres";"142600"
"Nordeste";"75 anos";"Homens";"103950"
"Nordeste";"75 anos";"Mulheres";"130614"
"Nordeste";"76 anos";"Homens";"92107"
"Nordeste";"76 anos";"Mulheres";"116694"
"Nordeste";"77 anos";"Homens";"84102"
"Nordeste";"77 anos";"Mulheres";"107612"
"Nordeste";"78 anos";"Homens";"80384"
"Nordeste";"78 anos";"Mulheres";"106917"
"Nordeste";"79 anos";"Homens";"69185"
"Nordeste";"79 anos";"Mulheres";"90151"
"Nordeste";"80 anos";"Homens";"69746"
"Nordeste";"80 anos";"Mulheres";"93069"
"Nordeste";"81 anos";"Homens";"54738"
"Nordeste";"81 anos";"Mulheres";"73895"
"Nordeste";"82 anos";"Homens";"62653"
"Nordeste";"82 anos";"Mulheres";"88358"
"Nordeste";"83 anos";"Homens";"47854"
"Nordeste";"83 anos";"Mulheres";"69437"
"Nordeste";"84 anos";"Homens";"41791"
"Nordeste";"84 anos";"Mulheres";"62288"
"Nordeste";"85 anos";"Homens";"35781"
"Nordeste";"85 anos";"Mulheres";"54065"
"Nordeste";"86 anos";"Homens";"34223"
"Nordeste";"86 anos";"Mulheres";"54726"
"Nordeste";"87 anos";"Homens";"27111"
"Nordeste";"87 anos";"Mulheres";"43578"
"Nordeste";"88 anos";"Homens";"21347"
"Nordeste";"88 anos";"Mulheres";"34073"
"Nordeste";"89 anos";"Homens";"17523"
"Nordeste";"89 anos";"Mulheres";"28815"
"Nordeste";"90 anos";"Homens";"17813"
"Nordeste";"90 anos";"Mulheres";"30936"
"Nordeste";"91 anos";"Homens";"12572"
"Nordeste";"91 anos";"Mulheres";"22138"
"Nordeste";"92 anos";"Homens";"12147"
"Nordeste";"92 anos";"Mulheres";"21607"
"Nordeste";"93 anos";"Homens";"8806"
"Nordeste";"93 anos";"Mulheres";"15788"
"Nordeste";"94 anos";"Homens";"6989"
"Nordeste";"94 anos";"Mulheres";"13043"
"Nordeste";"95 anos";"Homens";"5661"
"Nordeste";"95 anos";"Mulheres";"10801"
"Nordeste";"96 anos";"Homens";"4674"
"Nordeste";"96 anos";"Mulheres";"8726"
"Nordeste";"97 anos";"Homens";"3531"
"Nordeste";"97 anos";"Mulheres";"6902"
"Nordeste";"98 anos";"Homens";"2674"
"Nordeste";"98 anos";"Mulheres";"5301"
"Nordeste";"99 anos";"Homens";"1948"
"Nordeste";"99 anos";"Mulheres";"3807"
"Nordeste";"100 anos ou mais";"Homens";"4976"
"Nordeste";"100 anos ou mais";"Mulheres";"11342"
"Sudeste";"Menos de 1 ano";"Homens";"441421"
"Sudeste";"Menos de 1 ano";"Mulheres";"429261"
"Sudeste";"1 ano";"Homens";"443659"
"Sudeste";"1 ano";"Mulheres";"428481"
"Sudeste";"2 anos";"Homens";"489496"
"Sudeste";"2 anos";"Mulheres";"474519"
"Sudeste";"3 anos";"Homens";"517621"
"Sudeste";"3 anos";"Mulheres";"501682"
"Sudeste";"4 anos";"Homens";"532731"
"Sudeste";"4 anos";"Mulheres";"512057"
"Sudeste";"5 anos";"Homens";"517256"
"Sudeste";"5 anos";"Mulheres";"499230"
"Sudeste";"6 anos";"Homens";"542967"
"Sudeste";"6 anos";"Mulheres";"523778"
"Sudeste";"7 anos";"Homens";"554334"
"Sudeste";"7 anos";"Mulheres";"535743"
"Sudeste";"8 anos";"Homens";"543215"
"Sudeste";"8 anos";"Mulheres";"517623"
"Sudeste";"9 anos";"Homens";"544904"
"Sudeste";"9 anos";"Mulheres";"523936"
"Sudeste";"10 anos";"Homens";"529433"
"Sudeste";"10 anos";"Mulheres";"504505"
"Sudeste";"11 anos";"Homens";"532334"
"Sudeste";"11 anos";"Mulheres";"507301"
"Sudeste";"12 anos";"Homens";"542574"
"Sudeste";"12 anos";"Mulheres";"519596"
"Sudeste";"13 anos";"Homens";"528248"
"Sudeste";"13 anos";"Mulheres";"509529"
"Sudeste";"14 anos";"Homens";"530432"
"Sudeste";"14 anos";"Mulheres";"502858"
"Sudeste";"15 anos";"Homens";"544557"
"Sudeste";"15 anos";"Mulheres";"525920"
"Sudeste";"16 anos";"Homens";"557619"
"Sudeste";"16 anos";"Mulheres";"532577"
"Sudeste";"17 anos";"Homens";"565749"
"Sudeste";"17 anos";"Mulheres";"543668"
"Sudeste";"18 anos";"Homens";"575668"
"Sudeste";"18 anos";"Mulheres";"551789"
"Sudeste";"19 anos";"Homens";"554173"
"Sudeste";"19 anos";"Mulheres";"537547"
"Sudeste";"20 anos";"Homens";"574473"
"Sudeste";"20 anos";"Mulheres";"562828"
"Sudeste";"21 anos";"Homens";"601786"
"Sudeste";"21 anos";"Mulheres";"591449"
"Sudeste";"22 anos";"Homens";"669569"
"Sudeste";"22 anos";"Mulheres";"654471"
"Sudeste";"23 anos";"Homens";"632258"
"Sudeste";"23 anos";"Mulheres";"626671"
"Sudeste";"24 anos";"Homens";"625977"
"Sudeste";"24 anos";"Mulheres";"622955"
"Sudeste";"25 anos";"Homens";"644203"
"Sudeste";"25 anos";"Mulheres";"648123"
"Sudeste";"26 anos";"Homens";"627992"
"Sudeste";"26 anos";"Mulheres";"640091"
"Sudeste";"27 anos";"Homens";"632904"
"Sudeste";"27 anos";"Mulheres";"643700"
"Sudeste";"28 anos";"Homens";"620442"
"Sudeste";"28 anos";"Mulheres";"631467"
"Sudeste";"29 anos";"Homens";"587320"
"Sudeste";"29 anos";"Mulheres";"606360"
"Sudeste";"30 anos";"Homens";"648792"
"Sudeste";"30 anos";"Mulheres";"666650"
"Sudeste";"31 anos";"Homens";"581759"
"Sudeste";"31 anos";"Mulheres";"606057"
"Sudeste";"32 anos";"Homens";"637033"
"Sudeste";"32 anos";"Mulheres";"667833"
"Sudeste";"33 anos";"Homens";"634360"
"Sudeste";"33 anos";"Mulheres";"666230"
"Sudeste";"34 anos";"Homens";"627170"
"Sudeste";"34 anos";"Mulheres";"662104"
"Sudeste";"35 anos";"Homens";"668364"
"Sudeste";"35 anos";"Mulheres";"705541"
"Sudeste";"36 anos";"Homens";"654836"
"Sudeste";"36 anos";"Mulheres";"700213"
"Sudeste";"37 anos";"Homens";"625999"
"Sudeste";"37 anos";"Mulheres";"670205"
"Sudeste";"38 anos";"Homens";"651091"
"Sudeste";"38 anos";"Mulheres";"693730"
"Sudeste";"39 anos";"Homens";"664595"
"Sudeste";"39 anos";"Mulheres";"715967"
"Sudeste";"40 anos";"Homens";"760357"
"Sudeste";"40 anos";"Mulheres";"805353"
"Sudeste";"41 anos";"Homens";"647836"
"Sudeste";"41 anos";"Mulheres";"696329"
"Sudeste";"42 anos";"Homens";"702617"
"Sudeste";"42 anos";"Mulheres";"751222"
"Sudeste";"43 anos";"Homens";"627784"
"Sudeste";"43 anos";"Mulheres";"680650"
"Sudeste";"44 anos";"Homens";"589322"
"Sudeste";"44 anos";"Mulheres";"645016"
"Sudeste";"45 anos";"Homens";"619705"
"Sudeste";"45 anos";"Mulheres";"666080"
"Sudeste";"46 anos";"Homens";"564410"
"Sudeste";"46 anos";"Mulheres";"622136"
"Sudeste";"47 anos";"Homens";"555748"
"Sudeste";"47 anos";"Mulheres";"610375"
"Sudeste";"48 anos";"Homens";"539831"
"Sudeste";"48 anos";"Mulheres";"592361"
"Sudeste";"49 anos";"Homens";"528649"
"Sudeste";"49 anos";"Mulheres";"589210"
"Sudeste";"50 anos";"Homens";"587190"
"Sudeste";"50 anos";"Mulheres";"638283"
"Sudeste";"51 anos";"Homens";"512715"
"Sudeste";"51 anos";"Mulheres";"569193"
"Sudeste";"52 anos";"Homens";"535948"
"Sudeste";"52 anos";"Mulheres";"592910"
"Sudeste";"53 anos";"Homens";"504412"
"Sudeste";"53 anos";"Mulheres";"566638"
"Sudeste";"54 anos";"Homens";"488331"
"Sudeste";"54 anos";"Mulheres";"552469"
"Sudeste";"55 anos";"Homens";"491987"
"Sudeste";"55 anos";"Mulheres";"561433"
"Sudeste";"56 anos";"Homens";"490466"
"Sudeste";"56 anos";"Mulheres";"559435"
"Sudeste";"57 anos";"Homens";"481349"
"Sudeste";"57 anos";"Mulheres";"556015"
"Sudeste";"58 anos";"Homens";"484292"
"Sudeste";"58 anos";"Mulheres";"559669"
"Sudeste";"59 anos";"Homens";"452214"
"Sudeste";"59 anos";"Mulheres";"529083"
"Sudeste";"60 anos";"Homens";"472606"
"Sudeste";"60 anos";"Mulheres";"550703"
"Sudeste";"61 anos";"Homens";"413657"
"Sudeste";"61 anos";"Mulheres";"492473"
"Sudeste";"62 anos";"Homens";"430523"
"Sudeste";"62 anos";"Mulheres";"513881"
"Sudeste";"63 anos";"Homens";"401975"
"Sudeste";"63 anos";"Mulheres";"481515"
"Sudeste";"64 anos";"Homens";"384625"
"Sudeste";"64 anos";"Mulheres";"463121"
"Sudeste";"65 anos";"Homens";"392164"
"Sudeste";"65 anos";"Mulheres";"472347"
"Sudeste";"66 anos";"Homens";"343709"
"Sudeste";"66 anos";"Mulheres";"423274"
"Sudeste";"67 anos";"Homens";"329580"
"Sudeste";"67 anos";"Mulheres";"404461"
"Sudeste";"68 anos";"Homens";"317191"
"Sudeste";"68 anos";"Mulheres";"391537"
"Sudeste";"69 anos";"Homens";"284948"
"Sudeste";"69 anos";"Mulheres";"355441"
"Sudeste";"70 anos";"Homens";"291115"
"Sudeste";"70 anos";"Mulheres";"368296"
"Sudeste";"71 anos";"Homens";"246543"
"Sudeste";"71 anos";"Mulheres";"311634"
"Sudeste";"72 anos";"Homens";"245952"
"Sudeste";"72 anos";"Mulheres";"315155"
"Sudeste";"73 anos";"Homens";"211965"
"Sudeste";"73 anos";"Mulheres";"276998"
"Sudeste";"74 anos";"Homens";"199894"
"Sudeste";"74 anos";"Mulheres";"265664"
"Sudeste";"75 anos";"Homens";"184585"
"Sudeste";"75 anos";"Mulheres";"250162"
"Sudeste";"76 anos";"Homens";"161954"
"Sudeste";"76 anos";"Mulheres";"221768"
"Sudeste";"77 anos";"Homens";"143220"
"Sudeste";"77 anos";"Mulheres";"199190"
"Sudeste";"78 anos";"Homens";"136055"
"Sudeste";"78 anos";"Mulheres";"191954"
"Sudeste";"79 anos";"Homens";"119072"
"Sudeste";"79 anos";"Mulheres";"170329"
"Sudeste";"80 anos";"Homens";"114465"
"Sudeste";"80 anos";"Mulheres";"168351"
"Sudeste";"81 anos";"Homens";"92897"
"Sudeste";"81 anos";"Mulheres";"138004"
"Sudeste";"82 anos";"Homens";"94685"
"Sudeste";"82 anos";"Mulheres";"147022"
"Sudeste";"83 anos";"Homens";"79072"
"Sudeste";"83 anos";"Mulheres";"124650"
"Sudeste";"84 anos";"Homens";"69445"
"Sudeste";"84 anos";"Mulheres";"114564"
"Sudeste";"85 anos";"Homens";"59295"
"Sudeste";"85 anos";"Mulheres";"100744"
"Sudeste";"86 anos";"Homens";"54618"
"Sudeste";"86 anos";"Mulheres";"97341"
"Sudeste";"87 anos";"Homens";"44483"
"Sudeste";"87 anos";"Mulheres";"81799"
"Sudeste";"88 anos";"Homens";"35608"
"Sudeste";"88 anos";"Mulheres";"67204"
"Sudeste";"89 anos";"Homens";"29654"
"Sudeste";"89 anos";"Mulheres";"59217"
"Sudeste";"90 anos";"Homens";"26706"
"Sudeste";"90 anos";"Mulheres";"54264"
"Sudeste";"91 anos";"Homens";"20428"
"Sudeste";"91 anos";"Mulheres";"42971"
"Sudeste";"92 anos";"Homens";"17396"
"Sudeste";"92 anos";"Mulheres";"39483"
"Sudeste";"93 anos";"Homens";"12576"
"Sudeste";"93 anos";"Mulheres";"29744"
"Sudeste";"94 anos";"Homens";"9745"
"Sudeste";"94 anos";"Mulheres";"23244"
"Sudeste";"95 anos";"Homens";"6944"
"Sudeste";"95 anos";"Mulheres";"17903"
"Sudeste";"96 anos";"Homens";"5202"
"Sudeste";"96 anos";"Mulheres";"13899"
"Sudeste";"97 anos";"Homens";"3525"
"Sudeste";"97 anos";"Mulheres";"9765"
"Sudeste";"98 anos";"Homens";"2525"
"Sudeste";"98 anos";"Mulheres";"7197"
"Sudeste";"99 anos";"Homens";"1809"
"Sudeste";"99 anos";"Mulheres";"5262"
"Sudeste";"100 anos ou mais";"Homens";"2935"
"Sudeste";"100 anos ou mais";"Mulheres";"9654"
"Sul";"Menos de 1 ano";"Homens";"169166"
"Sul";"Menos de 1 ano";"Mulheres";"162824"
"Sul";"1 ano";"Homens";"168531"
"Sul";"1 ano";"Mulheres";"162353"
"Sul";"2 anos";"Homens";"182748"
"Sul";"2 anos";"Mulheres";"175518"
"Sul";"3 anos";"Homens";"192472"
"Sul";"3 anos";"Mulheres";"183864"
"Sul";"4 anos";"Homens";"193487"
"Sul";"4 anos";"Mulheres";"185367"
"Sul";"5 anos";"Homens";"192188"
"Sul";"5 anos";"Mulheres";"184127"
"Sul";"6 anos";"Homens";"197930"
"Sul";"6 anos";"Mulheres";"189310"
"Sul";"7 anos";"Homens";"200369"
"Sul";"7 anos";"Mulheres";"191591"
"Sul";"8 anos";"Homens";"195527"
"Sul";"8 anos";"Mulheres";"185457"
"Sul";"9 anos";"Homens";"192880"
"Sul";"9 anos";"Mulheres";"186047"
"Sul";"10 anos";"Homens";"188856"
"Sul";"10 anos";"Mulheres";"181372"
"Sul";"11 anos";"Homens";"189730"
"Sul";"11 anos";"Mulheres";"180801"
"Sul";"12 anos";"Homens";"191172"
"Sul";"12 anos";"Mulheres";"182458"
"Sul";"13 anos";"Homens";"184590"
"Sul";"13 anos";"Mulheres";"176691"
"Sul";"14 anos";"Homens";"183100"
"Sul";"14 anos";"Mulheres";"174491"
"Sul";"15 anos";"Homens";"187106"
"Sul";"15 anos";"Mulheres";"181765"
"Sul";"16 anos";"Homens";"196034"
"Sul";"16 anos";"Mulheres";"187409"
"Sul";"17 anos";"Homens";"197940"
"Sul";"17 anos";"Mulheres";"190092"
"Sul";"18 anos";"Homens";"199367"
"Sul";"18 anos";"Mulheres";"191867"
"Sul";"19 anos";"Homens";"191962"
"Sul";"19 anos";"Mulheres";"187181"
"Sul";"20 anos";"Homens";"199807"
"Sul";"20 anos";"Mulheres";"195192"
"Sul";"21 anos";"Homens";"213625"
"Sul";"21 anos";"Mulheres";"209470"
"Sul";"22 anos";"Homens";"236676"
"Sul";"22 anos";"Mulheres";"230513"
"Sul";"23 anos";"Homens";"224975"
"Sul";"23 anos";"Mulheres";"221334"
"Sul";"24 anos";"Homens";"223746"
"Sul";"24 anos";"Mulheres";"221431"
"Sul";"25 anos";"Homens";"229223"
"Sul";"25 anos";"Mulheres";"229642"
"Sul";"26 anos";"Homens";"229483"
"Sul";"26 anos";"Mulheres";"231693"
"Sul";"27 anos";"Homens";"236856"
"Sul";"27 anos";"Mulheres";"237441"
"Sul";"28 anos";"Homens";"229841"
"Sul";"28 anos";"Mulheres";"231646"
"Sul";"29 anos";"Homens";"218102"
"Sul";"29 anos";"Mulheres";"221425"
"Sul";"30 anos";"Homens";"235735"
"Sul";"30 anos";"Mulheres";"238021"
"Sul";"31 anos";"Homens";"220693"
"Sul";"31 anos";"Mulheres";"226331"
"Sul";"32 anos";"Homens";"229438"
"Sul";"32 anos";"Mulheres";"235017"
"Sul";"33 anos";"Homens";"228616"
"Sul";"33 anos";"Mulheres";"234822"
"Sul";"34 anos";"Homens";"223440"
"Sul";"34 anos";"Mulheres";"230415"
"Sul";"35 anos";"Homens";"230218"
"Sul";"35 anos";"Mulheres";"236702"
"Sul";"36 anos";"Homens";"230656"
"Sul";"36 anos";"Mulheres";"239957"
"Sul";"37 anos";"Homens";"221948"
"Sul";"37 anos";"Mulheres";"228753"
"Sul";"38 anos";"Homens";"227711"
"Sul";"38 anos";"Mulheres";"236286"
"Sul";"39 anos";"Homens";"235739"
"Sul";"39 anos";"Mulheres";"245689"
"Sul";"40 anos";"Homens";"257307"
"Sul";"40 anos";"Mulheres";"263803"
"Sul";"41 anos";"Homens";"221415"
"Sul";"41 anos";"Mulheres";"231490"
"Sul";"42 anos";"Homens";"232919"
"Sul";"42 anos";"Mulheres";"242149"
"Sul";"43 anos";"Homens";"213751"
"Sul";"43 anos";"Mulheres";"223753"
"Sul";"44 anos";"Homens";"202115"
"Sul";"44 anos";"Mulheres";"214520"
"Sul";"45 anos";"Homens";"206688"
"Sul";"45 anos";"Mulheres";"216131"
"Sul";"46 anos";"Homens";"193885"
"Sul";"46 anos";"Mulheres";"206894"
"Sul";"47 anos";"Homens";"192272"
"Sul";"47 anos";"Mulheres";"205445"
"Sul";"48 anos";"Homens";"189201"
"Sul";"48 anos";"Mulheres";"200858"
"Sul";"49 anos";"Homens";"185830"
"Sul";"49 anos";"Mulheres";"199474"
"Sul";"50 anos";"Homens";"200792"
"Sul";"50 anos";"Mulheres";"212136"
"Sul";"51 anos";"Homens";"183097"
"Sul";"51 anos";"Mulheres";"197960"
"Sul";"52 anos";"Homens";"189068"
"Sul";"52 anos";"Mulheres";"203705"
"Sul";"53 anos";"Homens";"182619"
"Sul";"53 anos";"Mulheres";"198621"
"Sul";"54 anos";"Homens";"177319"
"Sul";"54 anos";"Mulheres";"195700"
"Sul";"55 anos";"Homens";"179339"
"Sul";"55 anos";"Mulheres";"199942"
"Sul";"56 anos";"Homens";"183304"
"Sul";"56 anos";"Mulheres";"202383"
"Sul";"57 anos";"Homens";"180513"
"Sul";"57 anos";"Mulheres";"200801"
"Sul";"58 anos";"Homens";"177080"
"Sul";"58 anos";"Mulheres";"197835"
"Sul";"59 anos";"Homens";"169106"
"Sul";"59 anos";"Mulheres";"191509"
"Sul";"60 anos";"Homens";"172268"
"Sul";"60 anos";"Mulheres";"193332"
"Sul";"61 anos";"Homens";"155586"
"Sul";"61 anos";"Mulheres";"177992"
"Sul";"62 anos";"Homens";"155765"
"Sul";"62 anos";"Mulheres";"178416"
"Sul";"63 anos";"Homens";"145608"
"Sul";"63 anos";"Mulheres";"167041"
"Sul";"64 anos";"Homens";"139056"
"Sul";"64 anos";"Mulheres";"160656"
"Sul";"65 anos";"Homens";"138515"
"Sul";"65 anos";"Mulheres";"160702"
"Sul";"66 anos";"Homens";"125023"
"Sul";"66 anos";"Mulheres";"147372"
"Sul";"67 anos";"Homens";"121333"
"Sul";"67 anos";"Mulheres";"142958"
"Sul";"68 anos";"Homens";"114933"
"Sul";"68 anos";"Mulheres";"135636"
"Sul";"69 anos";"Homens";"105063"
"Sul";"69 anos";"Mulheres";"125131"
"Sul";"70 anos";"Homens";"102429"
"Sul";"70 anos";"Mulheres";"123677"
"Sul";"71 anos";"Homens";"92092"
"Sul";"71 anos";"Mulheres";"111153"
"Sul";"72 anos";"Homens";"89893"
"Sul";"72 anos";"Mulheres";"110664"
"Sul";"73 anos";"Homens";"79471"
"Sul";"73 anos";"Mulheres";"99229"
"Sul";"74 anos";"Homens";"72948"
"Sul";"74 anos";"Mulheres";"91714"
"Sul";"75 anos";"Homens";"67324"
"Sul";"75 anos";"Mulheres";"86408"
"Sul";"76 anos";"Homens";"59525"
"Sul";"76 anos";"Mulheres";"77918"
"Sul";"77 anos";"Homens";"53778"
"Sul";"77 anos";"Mulheres";"71883"
"Sul";"78 anos";"Homens";"49577"
"Sul";"78 anos";"Mulheres";"67104"
"Sul";"79 anos";"Homens";"43334"
"Sul";"79 anos";"Mulheres";"59696"
"Sul";"80 anos";"Homens";"38926"
"Sul";"80 anos";"Mulheres";"55748"
"Sul";"81 anos";"Homens";"33341"
"Sul";"81 anos";"Mulheres";"48196"
"Sul";"82 anos";"Homens";"31903"
"Sul";"82 anos";"Mulheres";"47823"
"Sul";"83 anos";"Homens";"27665"
"Sul";"83 anos";"Mulheres";"42123"
"Sul";"84 anos";"Homens";"23911"
"Sul";"84 anos";"Mulheres";"38037"
"Sul";"85 anos";"Homens";"20029"
"Sul";"85 anos";"Mulheres";"33282"
"Sul";"86 anos";"Homens";"17779"
"Sul";"86 anos";"Mulheres";"31066"
"Sul";"87 anos";"Homens";"14374"
"Sul";"87 anos";"Mulheres";"26363"
"Sul";"88 anos";"Homens";"11553"
"Sul";"88 anos";"Mulheres";"21593"
"Sul";"89 anos";"Homens";"9813"
"Sul";"89 anos";"Mulheres";"19323"
"Sul";"90 anos";"Homens";"7974"
"Sul";"90 anos";"Mulheres";"16427"
"Sul";"91 anos";"Homens";"6286"
"Sul";"91 anos";"Mulheres";"13375"
"Sul";"92 anos";"Homens";"5112"
"Sul";"92 anos";"Mulheres";"11596"
"Sul";"93 anos";"Homens";"3644"
"Sul";"93 anos";"Mulheres";"8538"
"Sul";"94 anos";"Homens";"2664"
"Sul";"94 anos";"Mulheres";"6690"
"Sul";"95 anos";"Homens";"1956"
"Sul";"95 anos";"Mulheres";"4986"
"Sul";"96 anos";"Homens";"1429"
"Sul";"96 anos";"Mulheres";"3745"
"Sul";"97 anos";"Homens";"1003"
"Sul";"97 anos";"Mulheres";"2617"
"Sul";"98 anos";"Homens";"700"
"Sul";"98 anos";"Mulheres";"1813"
"Sul";"99 anos";"Homens";"430"
"Sul";"99 anos";"Mulheres";"1391"
"Sul";"100 anos ou mais";"Homens";"888"
"Sul";"100 anos ou mais";"Mulheres";"2614"
"Centro-Oeste";"Menos de 1 ano";"Homens";"106364"
"Centro-Oeste";"Menos de 1 ano";"Mulheres";"102705"
"Centro-Oeste";"1 ano";"Homens";"104282"
"Centro-Oeste";"1 ano";"Mulheres";"100310"
"Centro-Oeste";"2 anos";"Homens";"113297"
"Centro-Oeste";"2 anos";"Mulheres";"110140"
"Centro-Oeste";"3 anos";"Homens";"119691"
"Centro-Oeste";"3 anos";"Mulheres";"115943"
"Centro-Oeste";"4 anos";"Homens";"119884"
"Centro-Oeste";"4 anos";"Mulheres";"116551"
"Centro-Oeste";"5 anos";"Homens";"115971"
"Centro-Oeste";"5 anos";"Mulheres";"112205"
"Centro-Oeste";"6 anos";"Homens";"120864"
"Centro-Oeste";"6 anos";"Mulheres";"116568"
"Centro-Oeste";"7 anos";"Homens";"123015"
"Centro-Oeste";"7 anos";"Mulheres";"118712"
"Centro-Oeste";"8 anos";"Homens";"118855"
"Centro-Oeste";"8 anos";"Mulheres";"113269"
"Centro-Oeste";"9 anos";"Homens";"117486"
"Centro-Oeste";"9 anos";"Mulheres";"113407"
"Centro-Oeste";"10 anos";"Homens";"114267"
"Centro-Oeste";"10 anos";"Mulheres";"109138"
"Centro-Oeste";"11 anos";"Homens";"114257"
"Centro-Oeste";"11 anos";"Mulheres";"109536"
"Centro-Oeste";"12 anos";"Homens";"116617"
"Centro-Oeste";"12 anos";"Mulheres";"111420"
"Centro-Oeste";"13 anos";"Homens";"114407"
"Centro-Oeste";"13 anos";"Mulheres";"110269"
"Centro-Oeste";"14 anos";"Homens";"113949"
"Centro-Oeste";"14 anos";"Mulheres";"108621"
"Centro-Oeste";"15 anos";"Homens";"116123"
"Centro-Oeste";"15 anos";"Mulheres";"112758"
"Centro-Oeste";"16 anos";"Homens";"120377"
"Centro-Oeste";"16 anos";"Mulheres";"116083"
"Centro-Oeste";"17 anos";"Homens";"122293"
"Centro-Oeste";"17 anos";"Mulheres";"118310"
"Centro-Oeste";"18 anos";"Homens";"123734"
"Centro-Oeste";"18 anos";"Mulheres";"119767"
"Centro-Oeste";"19 anos";"Homens";"120126"
"Centro-Oeste";"19 anos";"Mulheres";"116851"
"Centro-Oeste";"20 anos";"Homens";"123376"
"Centro-Oeste";"20 anos";"Mulheres";"120555"
"Centro-Oeste";"21 anos";"Homens";"124367"
"Centro-Oeste";"21 anos";"Mulheres";"122067"
"Centro-Oeste";"22 anos";"Homens";"137864"
"Centro-Oeste";"22 anos";"Mulheres";"134671"
"Centro-Oeste";"23 anos";"Homens";"129744"
"Centro-Oeste";"23 anos";"Mulheres";"128495"
"Centro-Oeste";"24 anos";"Homens";"128968"
"Centro-Oeste";"24 anos";"Mulheres";"128657"
"Centro-Oeste";"25 anos";"Homens";"132791"
"Centro-Oeste";"25 anos";"Mulheres";"132836"
"Centro-Oeste";"26 anos";"Homens";"132185"
"Centro-Oeste";"26 anos";"Mulheres";"133815"
"Centro-Oeste";"27 anos";"Homens";"132092"
"Centro-Oeste";"27 anos";"Mulheres";"134627"
"Centro-Oeste";"28 anos";"Homens";"129997"
"Centro-Oeste";"28 anos";"Mulheres";"131725"
"Centro-Oeste";"29 anos";"Homens";"123310"
"Centro-Oeste";"29 anos";"Mulheres";"125607"
"Centro-Oeste";"30 anos";"Homens";"135264"
"Centro-Oeste";"30 anos";"Mulheres";"136287"
"Centro-Oeste";"31 anos";"Homens";"120076"
"Centro-Oeste";"31 anos";"Mulheres";"124625"
"Centro-Oeste";"32 anos";"Homens";"130266"
"Centro-Oeste";"32 anos";"Mulheres";"134566"
"Centro-Oeste";"33 anos";"Homens";"127863"
"Centro-Oeste";"33 anos";"Mulheres";"132749"
"Centro-Oeste";"34 anos";"Homens";"126167"
"Centro-Oeste";"34 anos";"Mulheres";"130905"
"Centro-Oeste";"35 anos";"Homens";"134547"
"Centro-Oeste";"35 anos";"Mulheres";"140033"
"Centro-Oeste";"36 anos";"Homens";"132582"
"Centro-Oeste";"36 anos";"Mulheres";"139494"
"Centro-Oeste";"37 anos";"Homens";"126382"
"Centro-Oeste";"37 anos";"Mulheres";"132968"
"Centro-Oeste";"38 anos";"Homens";"129405"
"Centro-Oeste";"38 anos";"Mulheres";"134975"
"Centro-Oeste";"39 anos";"Homens";"131395"
"Centro-Oeste";"39 anos";"Mulheres";"137822"
"Centro-Oeste";"40 anos";"Homens";"148379"
"Centro-Oeste";"40 anos";"Mulheres";"153408"
"Centro-Oeste";"41 anos";"Homens";"125200"
"Centro-Oeste";"41 anos";"Mulheres";"132424"
"Centro-Oeste";"42 anos";"Homens";"137844"
"Centro-Oeste";"42 anos";"Mulheres";"142867"
"Centro-Oeste";"43 anos";"Homens";"121533"
"Centro-Oeste";"43 anos";"Mulheres";"128603"
"Centro-Oeste";"44 anos";"Homens";"113842"
"Centro-Oeste";"44 anos";"Mulheres";"122897"
"Centro-Oeste";"45 anos";"Homens";"119905"
"Centro-Oeste";"45 anos";"Mulheres";"127117"
"Centro-Oeste";"46 anos";"Homens";"111082"
"Centro-Oeste";"46 anos";"Mulheres";"119161"
"Centro-Oeste";"47 anos";"Homens";"108372"
"Centro-Oeste";"47 anos";"Mulheres";"115617"
"Centro-Oeste";"48 anos";"Homens";"104294"
"Centro-Oeste";"48 anos";"Mulheres";"110204"
"Centro-Oeste";"49 anos";"Homens";"100408"
"Centro-Oeste";"49 anos";"Mulheres";"108386"
"Centro-Oeste";"50 anos";"Homens";"109675"
"Centro-Oeste";"50 anos";"Mulheres";"113724"
"Centro-Oeste";"51 anos";"Homens";"94791"
"Centro-Oeste";"51 anos";"Mulheres";"101188"
"Centro-Oeste";"52 anos";"Homens";"100115"
"Centro-Oeste";"52 anos";"Mulheres";"106058"
"Centro-Oeste";"53 anos";"Homens";"93378"
"Centro-Oeste";"53 anos";"Mulheres";"100355"
"Centro-Oeste";"54 anos";"Homens";"87997"
"Centro-Oeste";"54 anos";"Mulheres";"95901"
"Centro-Oeste";"55 anos";"Homens";"86676"
"Centro-Oeste";"55 anos";"Mulheres";"95669"
"Centro-Oeste";"56 anos";"Homens";"85963"
"Centro-Oeste";"56 anos";"Mulheres";"93712"
"Centro-Oeste";"57 anos";"Homens";"82782"
"Centro-Oeste";"57 anos";"Mulheres";"90833"
"Centro-Oeste";"58 anos";"Homens";"81836"
"Centro-Oeste";"58 anos";"Mulheres";"90328"
"Centro-Oeste";"59 anos";"Homens";"76925"
"Centro-Oeste";"59 anos";"Mulheres";"84470"
"Centro-Oeste";"60 anos";"Homens";"77950"
"Centro-Oeste";"60 anos";"Mulheres";"85195"
"Centro-Oeste";"61 anos";"Homens";"65756"
"Centro-Oeste";"61 anos";"Mulheres";"73914"
"Centro-Oeste";"62 anos";"Homens";"68773"
"Centro-Oeste";"62 anos";"Mulheres";"77468"
"Centro-Oeste";"63 anos";"Homens";"61295"
"Centro-Oeste";"63 anos";"Mulheres";"69584"
"Centro-Oeste";"64 anos";"Homens";"59563"
"Centro-Oeste";"64 anos";"Mulheres";"67644"
"Centro-Oeste";"65 anos";"Homens";"58861"
"Centro-Oeste";"65 anos";"Mulheres";"67143"
"Centro-Oeste";"66 anos";"Homens";"53389"
"Centro-Oeste";"66 anos";"Mulheres";"60224"
"Centro-Oeste";"67 anos";"Homens";"49620"
"Centro-Oeste";"67 anos";"Mulheres";"57334"
"Centro-Oeste";"68 anos";"Homens";"47728"
"Centro-Oeste";"68 anos";"Mulheres";"54383"
"Centro-Oeste";"69 anos";"Homens";"41667"
"Centro-Oeste";"69 anos";"Mulheres";"48038"
"Centro-Oeste";"70 anos";"Homens";"43685"
"Centro-Oeste";"70 anos";"Mulheres";"50314"
"Centro-Oeste";"71 anos";"Homens";"36472"
"Centro-Oeste";"71 anos";"Mulheres";"41970"
"Centro-Oeste";"72 anos";"Homens";"36200"
"Centro-Oeste";"72 anos";"Mulheres";"42298"
"Centro-Oeste";"73 anos";"Homens";"30969"
"Centro-Oeste";"73 anos";"Mulheres";"35766"
"Centro-Oeste";"74 anos";"Homens";"30122"
"Centro-Oeste";"74 anos";"Mulheres";"35358"
"Centro-Oeste";"75 anos";"Homens";"27892"
"Centro-Oeste";"75 anos";"Mulheres";"32611"
"Centro-Oeste";"76 anos";"Homens";"24305"
"Centro-Oeste";"76 anos";"Mulheres";"29015"
"Centro-Oeste";"77 anos";"Homens";"21373"
"Centro-Oeste";"77 anos";"Mulheres";"25697"
"Centro-Oeste";"78 anos";"Homens";"21062"
"Centro-Oeste";"78 anos";"Mulheres";"25737"
"Centro-Oeste";"79 anos";"Homens";"17521"
"Centro-Oeste";"79 anos";"Mulheres";"21491"
"Centro-Oeste";"80 anos";"Homens";"17974"
"Centro-Oeste";"80 anos";"Mulheres";"21884"
"Centro-Oeste";"81 anos";"Homens";"13585"
"Centro-Oeste";"81 anos";"Mulheres";"16542"
"Centro-Oeste";"82 anos";"Homens";"15071"
"Centro-Oeste";"82 anos";"Mulheres";"19300"
"Centro-Oeste";"83 anos";"Homens";"11613"
"Centro-Oeste";"83 anos";"Mulheres";"14936"
"Centro-Oeste";"84 anos";"Homens";"10288"
"Centro-Oeste";"84 anos";"Mulheres";"13316"
"Centro-Oeste";"85 anos";"Homens";"8695"
"Centro-Oeste";"85 anos";"Mulheres";"11392"
"Centro-Oeste";"86 anos";"Homens";"8380"
"Centro-Oeste";"86 anos";"Mulheres";"11710"
"Centro-Oeste";"87 anos";"Homens";"6486"
"Centro-Oeste";"87 anos";"Mulheres";"9080"
"Centro-Oeste";"88 anos";"Homens";"5006"
"Centro-Oeste";"88 anos";"Mulheres";"7049"
"Centro-Oeste";"89 anos";"Homens";"4280"
"Centro-Oeste";"89 anos";"Mulheres";"6296"
"Centro-Oeste";"90 anos";"Homens";"3962"
"Centro-Oeste";"90 anos";"Mulheres";"6021"
"Centro-Oeste";"91 anos";"Homens";"2703"
"Centro-Oeste";"91 anos";"Mulheres";"4432"
"Centro-Oeste";"92 anos";"Homens";"2577"
"Centro-Oeste";"92 anos";"Mulheres";"3904"
"Centro-Oeste";"93 anos";"Homens";"1823"
"Centro-Oeste";"93 anos";"Mulheres";"2923"
"Centro-Oeste";"94 anos";"Homens";"1450"
"Centro-Oeste";"94 anos";"Mulheres";"2240"
"Centro-Oeste";"95 anos";"Homens";"1053"
"Centro-Oeste";"95 anos";"Mulheres";"1795"
"Centro-Oeste";"96 anos";"Homens";"844"
"Centro-Oeste";"96 anos";"Mulheres";"1419"
"Centro-Oeste";"97 anos";"Homens";"544"
"Centro-Oeste";"97 anos";"Mulheres";"957"
"Centro-Oeste";"98 anos";"Homens";"441"
"Centro-Oeste";"98 anos";"Mulheres";"744"
"Centro-Oeste";"99 anos";"Homens";"286"
"Centro-Oeste";"99 anos";"Mulheres";"526"
"Centro-Oeste";"100 anos ou mais";"Homens";"722"
"Centro-Oeste";"100 anos ou mais";"Mulheres";"1441"
"Fonte: IBGE - Censo Demográfico"

"Notas"
"1 - Dados do Universo."
"2- Os dados referentes aos municípios Abel Figueiredo (PA) e São Pedro da Água Branca (MA) foram corrigidos no dia 22/12/2023, impactando nos totais dos estados do Pará e do Maranhão e nos totais das Grandes Regiões do Norte e Nordeste."
""
"Legenda"
"Símbolo";"Significado"
"-";"Zero absoluto, não resultante de um cálculo ou arredondamento.
Ex: Em determinado município não existem pessoas de 14 anos de idade sem instrução."
"0";"Zero resultante de um cálculo ou arredondamento.
Ex: A inflação do feijão em determinada Região Metropolitana foi 0.
Determinado município produziu 400 kg de sementes de girassol e os dados da tabela são expressos em toneladas."
"X";"Valor inibido para não identificar o informante.
Ex: Determinado município só possui uma empresa produtora de cimento, logo o valor de sua produção deve ser inibido."
"..";"Valor não se aplica.
Ex: Não se pode obter o total da produção agrícola em determinado município quando os produtos agrícolas são contabilizados com unidades de medida distintas."
"...";"Valor não disponível.
Ex: A produção de feijão em determinado município não foi pesquisada ou determinado município não existia no ano da pesquisa."
"A a Z
(exceto X)";"Significa uma faixa de valores. Varia em função da tabela (se for o caso).
Ex: O nível de precisão da produção estimada de combustíveis está na faixa A (95 a 100%)"
